{
  "controller/scanpalletforsuggmove.controller.js": 1767781085053,
  "i18n/i18n_fr_FR.properties": 1767781085053,
  "i18n/i18n_fr copy.properties": 1767781085053,
  "i18n/i18n_en.properties": 1767781085053,
  "i18n/i18n.properties": 1767781085053,
  "Component.js": 1767781085053,
  "controller/suggestedmoves.controller.js": 1767781085053,
  "i18n/i18n_fr.properties": 1767781085053,
  "controller/scanpallet.controller.js": 1767781085053,
  "controller/scanninglabel.controller.js": 1767781085053,
  "controller/scanlabel.controller.js": 1767781085053,
  "controller/App.controller.js": 1767781085053,
  "manifest.json": 1767781085053,
  "model/models.js": 1767781085053,
  "model/models-dbg.js": 1767781085053,
  "model/models.js.map": 1767781165112,
  "controller/suggestedmoves-dbg.controller.js": 1767781085053,
  "controller/suggestedmoves.controller.js.map": 1767781165127,
  "controller/scanpalletforsuggmove-dbg.controller.js": 1767781085053,
  "controller/scanpalletforsuggmove.controller.js.map": 1767781165121,
  "controller/scanpallet-dbg.controller.js": 1767781085053,
  "controller/scanpallet.controller.js.map": 1767781165140,
  "controller/scanninglabel-dbg.controller.js": 1767781085053,
  "controller/scanninglabel.controller.js.map": 1767781165126,
  "controller/scanlabel-dbg.controller.js": 1767781085053,
  "controller/scanlabel.controller.js.map": 1767781165129,
  "controller/App-dbg.controller.js": 1767781085053,
  "controller/App.controller.js.map": 1767781165127,
  "Component-dbg.js": 1767781085053,
  "Component.js.map": 1767781165130,
  "Component-preload.js": 1767781165292,
  "Component-preload.js.map": 1767781165292,
  "view/suggestedmoves.view.xml": 1767781085053,
  "view/scanpalletforsuggmove.view.xml": 1767781085053,
  "view/scanpallet.view.xml": 1767781085053,
  "view/scanninglabel.view.xml": 1767781085053,
  "view/scanlabel.view.xml": 1767781085053,
  "view/App.view.xml": 1767781085053,
  "css/style.css": 1767781085053,
  "fragment/wrapDialog.fragment.xml": 1767781085053,
  "index.html": 1767781085053,
  ".DS_Store": 1767781085053
}