{
  "controller/scanpallet-dbg.controller.js": 1762874698000,
  "i18n/i18n_fr.properties": 1762938870000,
  "i18n/i18n.properties": 1761656189000,
  "controller/scanninglabel.controller.js": 1762874671000,
  "controller/suggestedmoves.controller.js": 1761920881000,
  "controller/scanpalletforsuggmove.controller.js": 1762874728000,
  "controller/scanpallet.controller.js": 1762874698000,
  "model/models.js": 1760713894000,
  "controller/scanlabel.controller.js": 1761036563000,
  "controller/App.controller.js": 1760713894000,
  "manifest.json": 1761035483000,
  "Component.js": 1760713894000,
  "Component-dbg.js": 1760713894000,
  "Component.js.map": 1764842002237,
  "controller/suggestedmoves-dbg.controller.js": 1761920881000,
  "controller/suggestedmoves.controller.js.map": 1764842002250,
  "controller/scanpalletforsuggmove-dbg.controller.js": 1762874728000,
  "controller/scanpalletforsuggmove.controller.js.map": 1764842002245,
  "i18n/i18n_en.properties": 1762181717000,
  "controller/scanpallet.controller.js.map": 1764842002250,
  "model/models-dbg.js": 1760713894000,
  "model/models.js.map": 1764842002240,
  "controller/scanlabel-dbg.controller.js": 1761036563000,
  "controller/scanlabel.controller.js.map": 1764842002245,
  "controller/App-dbg.controller.js": 1760713894000,
  "controller/App.controller.js.map": 1764842002246,
  "controller/scanninglabel-dbg.controller.js": 1762874671000,
  "controller/scanninglabel.controller.js.map": 1764842002255,
  "Component-preload.js": 1764842002559,
  "Component-preload.js.map": 1764842002559,
  "view/suggestedmoves.view.xml": 1762869624000,
  "view/scanpalletforsuggmove.view.xml": 1762869769000,
  "view/scanpallet.view.xml": 1762869751000,
  "view/scanninglabel.view.xml": 1762869858000,
  "view/scanlabel.view.xml": 1762873791000,
  "view/App.view.xml": 1760713894000,
  "fragment/wrapDialog.fragment.xml": 1762875088000,
  "css/style.css": 1762859700000,
  "index.html": 1760713894000
}