{
  "i18n/i18n.properties": 1765287588956,
  "i18n/i18n_fr_FR.properties": 1765287610612,
  "i18n/i18n_fr copy.properties": 1765287610468,
  "i18n/i18n_en.properties": 1765287610384,
  "i18n/i18n_fr.properties": 1765287610576,
  "Component.js": 1765287388360,
  "controller/suggestedmoves.controller.js": 1765287388360,
  "controller/scanpalletforsuggmove.controller.js": 1765287388360,
  "controller/scanpallet.controller.js": 1765287388360,
  "controller/scanninglabel.controller.js": 1765287388360,
  "controller/scanlabel.controller.js": 1765287388360,
  "controller/App.controller.js": 1765287388360,
  "manifest.json": 1765287388360,
  "model/models.js": 1765287388360,
  "model/models-dbg.js": 1765287388360,
  "model/models.js.map": 1765287857985,
  "controller/suggestedmoves-dbg.controller.js": 1765287388360,
  "controller/suggestedmoves.controller.js.map": 1765287857992,
  "controller/scanpalletforsuggmove-dbg.controller.js": 1765287388360,
  "controller/scanpalletforsuggmove.controller.js.map": 1765287857995,
  "controller/scanpallet-dbg.controller.js": 1765287388360,
  "controller/scanpallet.controller.js.map": 1765287858009,
  "controller/scanninglabel-dbg.controller.js": 1765287388360,
  "controller/scanninglabel.controller.js.map": 1765287857999,
  "controller/scanlabel-dbg.controller.js": 1765287388360,
  "controller/scanlabel.controller.js.map": 1765287857999,
  "controller/App-dbg.controller.js": 1765287388360,
  "controller/App.controller.js.map": 1765287857997,
  "Component-dbg.js": 1765287388360,
  "Component.js.map": 1765287857999,
  "Component-preload.js": 1765287858132,
  "Component-preload.js.map": 1765287858132,
  "fragment/wrapDialog.fragment.xml": 1765287388360,
  "view/suggestedmoves.view.xml": 1765287388360,
  "view/scanpalletforsuggmove.view.xml": 1765287388360,
  "view/scanpallet.view.xml": 1765287388360,
  "view/scanninglabel.view.xml": 1765287388360,
  "view/scanlabel.view.xml": 1765287388360,
  "view/App.view.xml": 1765287388360,
  "css/style.css": 1765287388360,
  "index.html": 1765287388360,
  ".DS_Store": 1765287388360
}