{
  "i18n/i18n_en.properties": 1769008398408,
  "i18n/i18n_fr.properties": 1769008398408,
  "i18n/i18n_fr_FR.properties": 1769008398408,
  "i18n/i18n_fr copy.properties": 1769008398408,
  "i18n/i18n.properties": 1769008398408,
  "controller/scanninglabel.controller.js": 1769008398408,
  "controller/suggestedmoves.controller.js": 1769008398408,
  "controller/scanpalletforsuggmove.controller.js": 1769008398408,
  "controller/scanpallet.controller.js": 1769008398408,
  "model/models.js": 1769008398408,
  "controller/scanlabel.controller.js": 1769518189223,
  "controller/App.controller.js": 1769008700401,
  "manifest.json": 1769008398408,
  "Component.js": 1769008398408,
  "controller/scanninglabel-dbg.controller.js": 1769008398408,
  "controller/scanninglabel.controller.js.map": 1769518435793,
  "controller/suggestedmoves-dbg.controller.js": 1769008398408,
  "controller/suggestedmoves.controller.js.map": 1769518435828,
  "controller/scanpalletforsuggmove-dbg.controller.js": 1769008398408,
  "controller/scanpalletforsuggmove.controller.js.map": 1769518435790,
  "controller/scanpallet-dbg.controller.js": 1769008398408,
  "controller/scanpallet.controller.js.map": 1769518435831,
  "model/models-dbg.js": 1769008398408,
  "model/models.js.map": 1769518435791,
  "controller/scanlabel-dbg.controller.js": 1769518189223,
  "controller/scanlabel.controller.js.map": 1769518435827,
  "controller/App-dbg.controller.js": 1769008700401,
  "controller/App.controller.js.map": 1769518435822,
  "Component-dbg.js": 1769008398408,
  "Component.js.map": 1769518435823,
  "Component-preload.js": 1769518435953,
  "Component-preload.js.map": 1769518435953,
  "view/suggestedmoves.view.xml": 1769008398408,
  "view/scanpalletforsuggmove.view.xml": 1769008398408,
  "view/scanpallet.view.xml": 1769008398408,
  "view/scanninglabel.view.xml": 1769008398408,
  "view/scanlabel.view.xml": 1769008398408,
  "view/App.view.xml": 1769008398408,
  "fragment/wrapDialog.fragment.xml": 1769008398408,
  "css/style.css": 1769008398408,
  "index.html": 1769008398408,
  ".DS_Store": 1769008398408
}