{
  "view/scanninglabel.view.xml": 1766136510553,
  "i18n/i18n_fr.properties": 1766157530194,
  "i18n/i18n_fr copy.properties": 1765287610468,
  "i18n/i18n_en.properties": 1766157538794,
  "i18n/i18n_fr_FR.properties": 1766157526114,
  "controller/scanpallet.controller.js": 1766157509622,
  "controller/suggestedmoves.controller.js": 1765384655708,
  "controller/scanpalletforsuggmove.controller.js": 1765287388360,
  "model/models.js": 1765287388360,
  "controller/scanninglabel.controller.js": 1766157346022,
  "controller/scanlabel.controller.js": 1766136215836,
  "controller/App.controller.js": 1765287388360,
  "manifest.json": 1765985190223,
  "Component.js": 1765287388360,
  "model/models-dbg.js": 1765287388360,
  "model/models.js.map": 1766157581227,
  "controller/suggestedmoves-dbg.controller.js": 1765384655708,
  "controller/suggestedmoves.controller.js.map": 1766157581244,
  "controller/scanpalletforsuggmove-dbg.controller.js": 1765287388360,
  "controller/scanpalletforsuggmove.controller.js.map": 1766157581242,
  "controller/scanpallet-dbg.controller.js": 1766157509622,
  "controller/scanpallet.controller.js.map": 1766157581255,
  "controller/scanninglabel-dbg.controller.js": 1766157346022,
  "controller/scanninglabel.controller.js.map": 1766157581244,
  "controller/scanlabel-dbg.controller.js": 1766136215836,
  "controller/scanlabel.controller.js.map": 1766157581249,
  "controller/App-dbg.controller.js": 1765287388360,
  "controller/App.controller.js.map": 1766157581245,
  "Component-dbg.js": 1765287388360,
  "Component.js.map": 1766157581246,
  "Component-preload.js": 1766157581367,
  "Component-preload.js.map": 1766157581367,
  "view/suggestedmoves.view.xml": 1765287388360,
  "view/scanpalletforsuggmove.view.xml": 1765287388360,
  "view/scanpallet.view.xml": 1765972926911,
  "i18n/i18n.properties": 1766157522642,
  "view/scanlabel.view.xml": 1765287388360,
  "view/App.view.xml": 1765287388360,
  "fragment/wrapDialog.fragment.xml": 1765292438155,
  "css/style.css": 1765287388360,
  "index.html": 1765287388360,
  ".DS_Store": 1765287388360
}