{
  "Component.js": 1765287388360,
  "i18n/i18n_fr.properties": 1765292346111,
  "i18n/i18n_fr copy.properties": 1765287610468,
  "i18n/i18n_en.properties": 1765292362199,
  "i18n/i18n.properties": 1765292310939,
  "model/models.js": 1765287388360,
  "controller/suggestedmoves.controller.js": 1765287388360,
  "controller/scanpalletforsuggmove.controller.js": 1765287388360,
  "controller/scanpallet.controller.js": 1765287388360,
  "controller/scanninglabel.controller.js": 1765287388360,
  "controller/scanlabel.controller.js": 1765287388360,
  "controller/App.controller.js": 1765287388360,
  "manifest.json": 1765287388360,
  "i18n/i18n_fr_FR.properties": 1765292353535,
  "controller/suggestedmoves-dbg.controller.js": 1765287388360,
  "controller/suggestedmoves.controller.js.map": 1765292456983,
  "model/models-dbg.js": 1765287388360,
  "model/models.js.map": 1765292456920,
  "controller/scanpalletforsuggmove-dbg.controller.js": 1765287388360,
  "controller/scanpalletforsuggmove.controller.js.map": 1765292456982,
  "controller/scanpallet-dbg.controller.js": 1765287388360,
  "controller/scanpallet.controller.js.map": 1765292456979,
  "controller/scanninglabel-dbg.controller.js": 1765287388360,
  "controller/scanninglabel.controller.js.map": 1765292456982,
  "controller/scanlabel-dbg.controller.js": 1765287388360,
  "controller/scanlabel.controller.js.map": 1765292456983,
  "controller/App-dbg.controller.js": 1765287388360,
  "controller/App.controller.js.map": 1765292456984,
  "Component-dbg.js": 1765287388360,
  "Component.js.map": 1765292456984,
  "Component-preload.js": 1765292457102,
  "Component-preload.js.map": 1765292457103,
  "view/suggestedmoves.view.xml": 1765287388360,
  "view/scanpalletforsuggmove.view.xml": 1765287388360,
  "view/scanpallet.view.xml": 1765287388360,
  "view/scanninglabel.view.xml": 1765287388360,
  "view/scanlabel.view.xml": 1765287388360,
  "view/App.view.xml": 1765287388360,
  "css/style.css": 1765287388360,
  "fragment/wrapDialog.fragment.xml": 1765292438155,
  "index.html": 1765287388360,
  ".DS_Store": 1765287388360
}