{
  "view/App.view.xml": 1769008398408,
  "i18n/i18n_fr.properties": 1769008398408,
  "i18n/i18n_fr copy.properties": 1769008398408,
  "i18n/i18n_fr_FR.properties": 1769008398408,
  "i18n/i18n.properties": 1769008398408,
  "controller/App.controller.js": 1769008497580,
  "controller/suggestedmoves.controller.js": 1769008398408,
  "controller/scanpalletforsuggmove.controller.js": 1769008398408,
  "controller/scanpallet.controller.js": 1769008398408,
  "controller/scanninglabel.controller.js": 1769008398408,
  "controller/scanlabel.controller.js": 1769008398408,
  "model/models.js": 1769008398408,
  "manifest.json": 1769008398408,
  "Component.js": 1769008398408,
  "controller/suggestedmoves-dbg.controller.js": 1769008398408,
  "controller/suggestedmoves.controller.js.map": 1769008509144,
  "controller/App-dbg.controller.js": 1769008497580,
  "controller/App.controller.js.map": 1769008509128,
  "controller/scanpalletforsuggmove-dbg.controller.js": 1769008398408,
  "controller/scanpalletforsuggmove.controller.js.map": 1769008509138,
  "controller/scanpallet-dbg.controller.js": 1769008398408,
  "controller/scanpallet.controller.js.map": 1769008509192,
  "controller/scanninglabel-dbg.controller.js": 1769008398408,
  "controller/scanninglabel.controller.js.map": 1769008509144,
  "controller/scanlabel-dbg.controller.js": 1769008398408,
  "controller/scanlabel.controller.js.map": 1769008509188,
  "model/models-dbg.js": 1769008398408,
  "model/models.js.map": 1769008509188,
  "Component-dbg.js": 1769008398408,
  "Component.js.map": 1769008509188,
  "Component-preload.js": 1769008509293,
  "Component-preload.js.map": 1769008509293,
  "view/suggestedmoves.view.xml": 1769008398408,
  "view/scanpalletforsuggmove.view.xml": 1769008398408,
  "view/scanpallet.view.xml": 1769008398408,
  "view/scanninglabel.view.xml": 1769008398408,
  "view/scanlabel.view.xml": 1769008398408,
  "i18n/i18n_en.properties": 1769008398408,
  "css/style.css": 1769008398408,
  "fragment/wrapDialog.fragment.xml": 1769008398408,
  "index.html": 1769008398408,
  ".DS_Store": 1769008398408
}